units1,units2,input_dim,mae
12,12,24,4.493735962002576
12,12,48,4.593235061244174
